10.0,20.0,30.0,40.0,50.0,60.0,70.0,80.0,90.0,100.0,110.0,120.0,130.0,140.0,150.0,160.0,170.0,180.0,190.0,200.0,
5.0,15.0,25.0,35.0,45.0,55.0,65.0,75.0,85.0,95.0,105.0,115.0,125.0,135.0,145.0,155.0,165.0,175.0,185.0,195.0,
1.0,2.0,3.0,4.0,5.0,6.0,7.0,8.0,9.0,10.0,11.0,12.0,13.0,14.0,15.0,16.0,17.0,18.0,19.0,20.0,
150.0,30.0,10.0,50.0,5.0,140.0,14.0,1.0,45.0,10.0,1105.0,36.833333333333336,1.0,100.0,30.0,
3205.0,106.83333333333333,11.0,200.0,30.0,4310.0,71.83333333333333,1.0,200.0,60.0,16.0,5.333333333333333,1.0,10.0,3.0,
100.0,200.0,300.0,400.0,500.0,600.0,700.0,800.0,900.0,1000.0,1100.0,1200.0,1300.0,1400.0,1500.0,1600.0,1700.0,1800.0,1900.0,2000.0,
30.0,60.0,20.0,2500.0,0.6,1500.0,300.0,100.0,500.0,5.0,
110.0,3501.0,7.0,3205.0,1.0,500.14285714285717,
#REF!,#REF!,#REF!,#REF!,#REF!,
0.0,
